"id","name"
1,Aamir Khan
2,Aaron Eckhart
3,Abbas-Ali Roomandi
4,Abbey Lee
5,Abbie Cornish
6,Abdel Ahmed Ghili
7,Abdo Abdo
8,Abe Simon
9,Abe Vigoda
10,Abhirami
11,Abhishek Anand
12,Abhishek Shukla
13,Absa Diatou Toure
14,Adam Baldwin
15,Adam Elliot
16,Adam Goldberg
17,Adam Hugill
18,Adam Williams
19,Ade
20,Aditya Kumar
21,Adolf Hitler
22,Adolphe Menjou
23,Adriana Barraza
24,Adrien Brody
25,Adrienne Corri
26,Adèle Haenel
27,Agnes Moorehead
28,Agnese Nano
29,Ahmad Massad
30,Ahney Her
31,Aidan Gillen
32,Ajay Devgn
33,Ajnur Redzepi
34,Akemi Yamaguchi
35,Akihiro Miwa
36,Akiji Kobayashi
37,Akio Ôtsuka
38,Akira Ishida
39,Akira Ishihama
40,Akira Terao
41,Al Coronel
42,Al Ernest Garcia
43,Al Israel
44,Al Lettieri
45,Al Matthews
46,Al Pacino
47,Al Silvani
48,Alaa Chouchnieh
49,Alain Bouvette
50,Alan Baxter
51,Alan Ford
52,Alan Gifford
53,Alan Hale
54,Alan Howard
55,Alan King
56,Alan Rickman
57,Alan Tall
58,Alanna Ubach
59,Alba Gaïa Bellugi
60,Albert Brooks
61,Albert Delpy
62,Albert Hall
63,Albert Rémy
64,Aldo Giuffrè
65,Aldo Sambrell
66,Alec Baldwin
67,Alec Guinness
68,Alejandro Abelenda
69,Alejandro Barrios
70,Aleko Begalishvili
71,Aleksandr Berda
72,Aleksandr Kaydanovskiy
73,Aleksey Kravchenko
74,Alex Fernandez
75,Alex Hyde-White
76,Alex McCrindle
77,Alex Sol
78,Alexander Godunov
79,Alexander Gould
80,Alexandra Maria Lara
81,Alexandra Rapaport
82,Alexandre Mihalesco
83,Alexandre Rodrigues
84,Alexei Sayle
85,Alfonso Arau
86,Alfonso Bedoya
87,Alfred Abel
88,Alfred Molina
89,Ali Astin
90,Ali-Asghar Shahbazi
91,Alice Braga
92,Alice Garan
93,Alice Ghostley
94,Alice Patten
95,Alicia Rhett
96,Alida Valli
97,Alisa Freyndlikh
98,Alison Crosbie
99,Alison Doody
100,Alison Folland
101,Alistair Browning
102,Alistair Petrie
103,Allelon Ruggiero
104,Allison Janney
105,Alon Aboutboul
106,Alonzo Brown
107,Amala Paul
108,Amanda Brugel
109,Amanda Plummer
110,Amanda Warren
111,Amanda Winn Lee
112,Amardeep Jha
113,America Ferrera
114,Amerigo Fontani
115,Amir Ali Said
116,Amir Farrokh Hashemian
117,Amitabh Bachchan
118,Amy Adams
119,Amy Brenneman
120,Amy Poehler
121,Amy Wright
122,Ana Ofelia Murguía
123,Ana Reeder
124,Anatoliy Obukhov
125,Anatoliy Solonitsyn
126,Anders Ek
127,Andrea Eckert
128,Andreas Wisniewski
129,Andrew Borba
130,Andrew Garfield
131,Andrew Kevin Walker
132,Andrew Scott
133,Andrew Stanton
134,Andrew Weir
135,Andrzej Seweryn
136,André Berley
137,André Hennicke
138,André Morell
139,Andy Apollo
140,Andy Beckwith
141,Andy Serkis
142,Angel Schmiedt
143,Angela Bassett
144,Angelica Page
145,Angelo Novi
146,Angus Lennie
147,Angus Sampson
148,Anil Dhawan
149,Anil Nagarkar
150,Anmol Charan
151,Ann Gillis
152,Ann Rutherford
153,Ann Sears
154,Anna Q. Nilsson
155,Anna Thomson
156,Anne Bancroft
157,Anne Baxter
158,Anne Hathaway
159,Anne Jackson
160,Anne Le Ny
161,Anne Louise Hassing
162,Annette Bening
163,Annie Potts
164,Annika Wedderkopp
165,Ansiba
166,Anthony Allgood
167,Anthony Anderson
168,Anthony Brophy
169,Anthony Daniels
170,Anthony Dawson
171,Anthony Escobar
172,Anthony Gonzalez
173,Anthony Heald
174,Anthony Higgins
175,Anthony Hopkins
176,Anthony James
177,Anthony Mackie
178,Anthony Mangano
179,Anthony Michael Hall
180,Anthony Milner
181,Anthony Perkins
182,Anthony Quayle
183,Anthony Quinn
184,Anthony Ramos
185,Anthony Rapp
186,Anthony Ray Parker
187,Antonella Attili
188,Antonin Artaud
189,Antonio Casale
190,Antonio Casas
191,Antonio Centa
192,Antonio David Lyons
193,Anupam Kher
194,Anurag Arora
195,Aoi Yûki
196,Aparshakti Khurana
197,Ara Celi
198,Aras Bulut Iynemli
199,Arash Mansour
200,Ariadna Gil
201,Ariana DeBose
202,Ariana Richards
203,Arliss Howard
204,Armand Lurville
205,Armande Boulanger
206,Armandel
207,Arnaldo Santana
208,Arne Bang-Hansen
209,Arnold Schwarzenegger
210,Arthur Burghardt
211,Arthur Hoyt
212,Arthur Keegan
213,Arthur Kennedy
214,Arthur O'Sullivan
215,Arturo Soto Rangel
216,Artus de Penguern
217,Asha Sharath
218,Ashish Warang
219,Ashley Dyke
220,Ashley Jensen
221,Ashley Judd
222,Ashwini Kalsekar
223,Asit Kumar Sen
224,Asriah Nijres
225,Astrid Allwyn
226,Atam Prakash
227,Ato Essandoh
228,Atsuo Omote
229,Atsushi Watanabe
230,Atul Kulkarni
231,Aubrey Morris
232,Audrey Fleurot
233,Audrey Tautou
234,August Diehl
235,Augusto Dallara
236,Aurore Clément
237,Austin Pendleton
238,Austin Stowell
239,Avery Brooks
240,Avril Stewart
241,Ayano Shiraishi
242,Ayushmann Khurrana
243,B. Matysik
244,B.J. Novak
245,BD Wong
246,Babak Karimi
247,Bachan Pachehra
248,Bader Alami
249,Bahare Seddiqi
250,Baiju V.K.
251,Barbara Bates
252,Barbara Bel Geddes
253,Barbara Bryne
254,Barbara Drew
255,Barbara O'Neil
256,Barbara Stanwyck
257,Barbara White
258,Barry Corbin
259,Barry Del Sherman
260,Barry Dennen
261,Barry Nelson
262,Barry Pepper
263,Barton MacLane
264,Bastian Trost
265,Bee Duffell
266,Bee Vang
267,Behzad Rafi
268,Belinda McClory
269,Ben Affleck
270,Ben Burtt
271,Ben Harlan
272,Ben Kingsley
273,Ben Mendelsohn
274,Ben Miles
275,Benedict Cumberbatch
276,Bengt Ekerot
277,Benicio Del Toro
278,Benito Martinez
279,Benito Stefanelli
280,Benjamin Bratt
281,Benoît Magimel
282,Bernard Abbou
283,Bernard Gorcey
284,Bernard Hill
285,Bernard Lee
286,Bernd Tauber
287,Bernhard Wicki
288,Bert Freed
289,Bertil Anderberg
290,Beth Grant
291,Bette Davis
292,Beulah Bondi
293,Beverley Elliott
294,Beverly D'Angelo
295,Beverly Wills
296,Bhim Vakani
297,Bibi Andersson
298,Bilge Jeschim
299,Bilge Sen
300,Bill Allison
301,Bill Baldwin
302,Bill Burrows
303,Bill Camp
304,Bill Hader
305,Bill Hanrahan
306,Bill Irwin
307,Bill Murphy
308,Bill Murray
309,Bill Paxton
310,Bill Reimbold
311,Bill Weston
312,Billie Gibson
313,Billy Bob Thornton
314,Billy Boyd
315,Billy Byrne
316,Billy Crudup
317,Billy Crystal
318,Billy Dee Williams
319,Billy Gilbert
320,Billy Gray
321,Billy Postlethwaite
322,Billy Zane
323,Binnur Kaya
324,Birgit Minichmayr
325,Björn Bjelfvenstam
326,Blair Slater
327,Blake Clark
328,Blanche Friderici
329,Blythe Danner
330,Bo Byers
331,Bob Bergen
332,Bob Collins
333,Bob Gunton
334,Bob Mack
335,Bob Orwig
336,Bob Peck
337,Bob Penny
338,Bob Peterson
339,Bobby Moynihan
340,Bokuzen Hidari
341,Bolaji Badejo
342,Bolot Beyshenaliev
343,Boluwatife Treasure Bankole
344,Boman Irani
345,Bonnie Bedelia
346,Bonnie Hunt
347,Bora Todorovic
348,Boyd Holbrook
349,Brad Dourif
350,Brad Garrett
351,Brad James
352,Brad Pitt
353,Bradley Gregg
354,Brahm Bhardwaj
355,Branko Djuric
356,Brenda Dickson
357,Brett Cullen
358,Brian Cox
359,Brian Delate
360,Brian H. Dierker
361,Brian Haley
362,Brian Howe
363,Brian Libby
364,Brian Price
365,Brian Tyree Henry
366,Brian d'Arcy James
367,Brie Larson
368,Brigitte Helm
369,Brion James
370,Brock Peters
371,Bronagh Gallagher
372,Brooke Chia Thao
373,Bruce Allpress
374,Bruce Bennett
375,Bruce Boa
376,Bruce Glover
377,Bruce Hopkins
378,Bruce Kirby
379,Bruce MacVittie
380,Bruce Norris
381,Bruce Willis
382,Bruno Doyon
383,Bruno Ganz
384,Bruno Kirby
385,Bryan Batt
386,Bryan Callen
387,Brían F. O'Byrne
388,Bugs Bhargava Krishna
389,Bunta Sugawara
390,Burgess Meredith
391,Burn Gorman
392,Burr Steers
393,Burt Lancaster
394,Burt Young
395,Buster Keaton
396,Butterfly McQueen
397,Byron Barr
398,Byun Hee-Bong
399,Bárbara Palladino
400,Béatrice Macola
401,C. Aubrey Smith
402,C.J. Vana
403,Caitriona Balfe
404,Caleb Landry Jones
405,Callum Keith Rennie
406,Calum Gittins
407,Cameron Thor
408,Cameron Zeigler
409,Cankat Aydos
410,Carl Bressler
411,Carl Duering
412,Carl J. Matusovich
413,Carl Miller
414,Carl Möhner
415,Carl Weathers
416,Carla Belver
417,Carla Quevedo
418,Carleigh Bettiol
419,Carlo Jachino
420,Carlos Alberto Vavassori
421,Carlos Miranda
422,Carol Cleveland
423,Carole Lombard
424,Caroline Goodall
425,Carrie Coon
426,Carrie Fisher
427,Carrie Henn
428,Carrie-Anne Moss
429,Carter DeHaven
430,Cary Grant
431,Cary-Hiroyuki Tagawa
432,Cas Anvar
433,Casey Affleck
434,Casey Siemaszko
435,Casey Wilson
436,Castulo Guerra
437,Cate Blanchett
438,Catherine Keener
439,Catherine Scorsese
440,Cathy Moriarty
441,Cathy O'Donnell
442,Cecil B. DeMille
443,Cecil Reynolds
444,Cedra Izzam
445,Celal Perk
446,Celeste Holm
447,Celile Toyon Uysal
448,Chadwick Boseman
449,Chafûrin
450,Chaitali Bose
451,Charles Bronson
452,Charles C. Wilson
453,Charles Chaplin
454,Charles Dayton
455,Charles Dierkop
456,Charles Durning
457,Charles Forbes
458,Charles Hallahan
459,Charles Halton
460,Charles Henry Smith
461,Charles Kay
462,Charles Laughton
463,Charles McKeown
464,Charles Scorsese
465,Charles Vanel
466,Charlie Ian
467,Charlize Theron
468,Charlotte Aronofsky
469,Charlton Heston
470,Charly Hübner
471,Chas Mastin
472,Chazz Palminteri
473,Chee Thao
474,Cheech Marin
475,Chester Conklin
476,Chhaya Kadam
477,Chia-Hui Liu
478,Chiaki Kuriyama
479,Chieko Baishô
480,Chieko Higashiyama
481,Chika Sakamoto
482,Chin Han
483,Chip Love
484,Chishû Ryû
485,Chiwetel Ejiofor
486,Cho Jin-woong
487,Choi Min-sik
488,Choua Kue
489,Choukri Gabteni
490,Chris Chalk
491,Chris Cooper
492,Chris Ellis
493,Chris Evans
494,Chris Hemsworth
495,Chris Jackson
496,Chris Mulkey
497,Chris Pedersen
498,Chris Penn
499,Chris Pine
500,Christel Baras
501,Christian Ameri
502,Christian Bale
503,Christian Berkel
504,Christian McKay
505,Christiane Kubrick
506,Christie Cronenweth
507,Christina Cabot
508,Christine Ebersole
509,Christine Estabrook
510,Christine Seabrook
511,Christoph Waltz
512,Christopher Berry
513,Christopher Carley
514,Christopher Darga
515,Christopher Denham
516,Christopher John Fields
517,Christopher Lee
518,Christopher Lloyd
519,Christopher Massey
520,Christopher McDonald
521,Christopher Mintz-Plasse
522,Christopher Neame
523,Christopher Plummer
524,Christopher Walken
525,Chuck Aspegren
526,Chuck Low
527,Ciarán Hinds
528,Cillian Murphy
529,Claire Danes
530,Claire Davenport
531,Claire Geare
532,Claire Maurier
533,Clancy Brown
534,Clarence Gilyard Jr.
535,Claresie Mobley
536,Clark Gable
537,Claude Rains
538,Claude Sylvain
539,Claude-Oliver Rudolph
540,Claudette Colbert
541,Claudia Cardinale
542,Claudia Wells
543,Claudio Alfonsi
544,Claudio Scarchilli
545,Clay Donahue Fontenot
546,Clifton James
547,Clint Eastwood
548,Clive Ashborn
549,Clive Francis
550,Clive Revill
551,Clotilde Mollet
552,Clémence Poésy
553,Clément Bouyssou
554,Coco Leigh
555,Cole Hauser
556,Colette Hiller
557,Colin Firth
558,Colin McFarlane
559,Colin Stinton
560,Colleen McCauley
561,Collette Wolfe
562,Collin Wilcox Paxton
563,Conchata Ferrell
564,Connie Booth
565,Connie Nielsen
566,Conrad Veidt
567,Copper Cunningham
568,Cora Champommier
569,Corey Burton
570,Corey Feldman
571,Corey Glover
572,Corinna Harfouch
573,Corkey Ford
574,Corrado Invernizzi
575,Courtney Eaton
576,Crahan Denton
577,Craig Ferguson
578,Craig Hill
579,Craig Mutsch
580,Crispin Glover
581,Cristin Milioti
582,Curt Bois
583,Cyd Charisse
584,Cynthia Dale Scott
585,Cyril Mendy
586,Cyrus Sahukar
587,César Vea
588,Dabbs Greer
589,Dae-han Ji
590,Dafne Keen
591,Daijirô Harada
592,Daisuke Katô
593,Daisuke Ryû
594,Daisy Kocher
595,Dal-su Oh
596,Dale Winton
597,Damon Gupton
598,Dan Doherty
599,Dan Hedaya
600,Dan Washington
601,Dana Elcar
602,Dana Gourrier
603,Daniel Brühl
604,Daniel Couturier
605,Daniel Davis
606,Daniel Day-Lewis
607,Daniel Engstrup
608,Daniel Gerson
609,Daniel Kash
610,Daniel Marks
611,Daniel Mays
612,Daniel Radcliffe
613,Daniel Richter
614,Daniel Sunjata
615,Daniel Zacapa
616,Danny Aiello
617,Danny Cooksey
618,Danny DeVito
619,Danny Lloyd
620,Danny Mann
621,Dante Maggio
622,Dara Singh
623,Darcy Bryce
624,Dariush Mokhtari
625,Darlanne Fluegel
626,Darling Légitimus
627,Darrell Britt-Gibson
628,Darrell Zwerling
629,Darsheel Safary
630,Daryl Hannah
631,Darío Grandinetti
632,Darío Moreno
633,Dato Khakhidze
634,Dave Barry
635,Dave Goelz
636,Daveed Diggs
637,Davenia McFadden
638,David Andrews
639,David Aston
640,David Baxt
641,David Bowie
642,David Calder
643,David Carradine
644,David Clennon
645,David Cross
646,David Dastmalchian
647,David Gyasi
648,David Hemmings
649,David Huddleston
650,David Kaye
651,David Lewis
652,David McCallum
653,David Morse
654,David Mucci
655,David Neidorf
656,David O'Hara
657,David Oyelowo
658,David Powledge
659,David Proval
660,David Prowse
661,David Schofield
662,David Steen
663,David Strathairn
664,David Tennant
665,David White
666,Davor Dujmovic
667,Daya Shankar Pandey
668,De'voreaux White
669,Dean R. Brooks
670,Dean Stockwell
671,Dean-Charles Chapman
672,Debbie Reynolds
673,Debbon Ayer
674,Debi Derryberry
675,Delroy Lindo
676,Denholm Elliott
677,Denis Evrard
678,Denis Khlibov
679,Denis Ménochet
680,Deniz Baysal
681,Deniz Celiloglu
682,Dennis Christopher
683,Dennis Farina
684,Dennis Haysbert
685,Dennis Holahan
686,Dennis Hopper
687,Denzel Whitaker
688,Derek Jacobi
689,Derrick Bridgeman
690,Des Webb
691,Desmond Dube
692,Dev Kishan
693,Dexter Fletcher
694,Diabolo
695,Diahnne Abbott
696,Diana Körner
697,Diana Lewis
698,Diane Keaton
699,Diane Kruger
700,Diane Ladd
701,Diane Lane
702,Diane Venora
703,Dick Smothers
704,Dickie Gravois
705,Diego Starosta
706,Dileep Rao
707,Dillon Freasier
708,Dimiter D. Marinov
709,Dimitra Arliss
710,Djimon Hounsou
711,Dogukan Polat
712,Domhnall Gleeson
713,Dominik Castell
714,Dominique Briand
715,Dominique Daguier
716,Dominique Maurin
717,Dominique Pinon
718,Don Blackman
719,Don Brockett
720,Don Cheadle
721,Don Creech
722,Don Dunphy
723,Don Fellows
724,Don Rickles
725,Don Stark
726,Don Taylor
727,Donald Fullilove
728,Donald Moffat
729,Donald O'Connor
730,Donald Pleasence
731,Donald Wolfit
732,Dong-hwi Lee
733,Donna Reed
734,Donna Sorbello
735,Donnell Rawlings
736,Donnie Wahlberg
737,Dooley Wilson
738,Dorian Harewood
739,Dorothy Comingore
740,Doug Hutchison
741,Doug Jones
742,Doug Murray
743,Douglas Fowley
744,Douglas Hodge
745,Douglas Rain
746,Douglas Silva
747,Dreama Walker
748,Drewe Henley
749,Dunia Saldívar
750,Durga Khote
751,Dutch Miller
752,Dwight Henry
753,Dylan Bruno
754,Dylan Kussman
755,Dylan Minnette
756,E. Kostin
757,E.G. Marshall
758,Earl Boen
759,Ed Begley
760,Ed Bishop
761,Ed Crowley
762,Ed Harris
763,Ed O'Ross
764,Ed Stoppard
765,Eddie Byrne
766,Eddie Marsan
767,Edie Adams
768,Edin Rizvanovic
769,Edna Purviance
770,Edson Oliveira
771,Edward Arnold
772,Edward Asner
773,Edward Binns
774,Edward Bunker
775,Edward Burns
776,Edward Fayton
777,Edward Fielding
778,Edward Furlong
779,Edward G. Robinson
780,Edward James Olmos
781,Edward LeSaint
782,Edward Norton
783,Edward Platt
784,Ege Tanman
785,Eijirô Tôno
786,Eileen Brennan
787,Eileen Nicholas
788,Elena Altieri
789,Elena Wohl
790,Eli Roth
791,Eli Wallach
792,Elias Akobegia
793,Elias Khoury
794,Elias Koteas
795,Elie Docter
796,Elijah Wood
797,Elisabeth Granli
798,Elise Neal
799,Elissa Knight
800,Elizabeth Berridge
801,Elizabeth McGovern
802,Elizabeth Olsen
803,Elizabeth Perkins
804,Elizabeth Regen
805,Elizabeth Rodriguez
806,Ellen Burstyn
807,Ellen Corby
808,Ellen DeGeneres
809,Ellen Greene
810,Ellen Pompeo
811,Ellen Widmann
812,Elliot Page
813,Elliott Gould
814,Elmo Nüganen
815,Elsa Lanchester
816,Elvira Sali
817,Embeth Davidtz
818,Emerson Gomes
819,Emile Hirsch
820,Emile Meyer
821,Emilia Fox
822,Emilio Echevarría
823,Emily Hahn
824,Emily Mortimer
825,Emily Ratajkowski
826,Emma Druetti
827,Emma Dunn
828,Emma Field-Rayner
829,Emma Thompson
830,Emma Watson
831,Endre Hules
832,Enzo Cannavale
833,Enzo Petito
834,Enzo Staiola
835,Erdal Tosun
836,Eric Bana
837,Eric Idle
838,Eric Roberts
839,Eric Stoltz
840,Erica Sullivan
841,Erich Ponto
842,Erich von Stroheim
843,Erick Avari
844,Erik Strandmark
845,Erik von Detten
846,Erin Gerasimovich
847,Eriq La Salle
848,Erland Josephson
849,Erni Mangold
850,Ernie Sabella
851,Ernst Deutsch
852,Ernst Stahl-Nachbaur
853,Erskine Sanford
854,Erwin Biswanger
855,Erwin Connelly
856,Erwin Leder
857,Eser Sariyar
858,Estelle Evans
859,Estelle Harris
860,Esther Anil
861,Esther Michelson
862,Esuz Jeong
863,Ethan Hawke
864,Ethan Suplee
865,Eugene Pallette
866,Eugene Silvain
867,Eugenie Bondurant
868,Eusebio Lázaro
869,Eva Marie Saint
870,Evan Agos
871,Evangeline Lilly
872,Evanna Lynch
873,Eve Brent
874,Evelyn Keyes
875,Everett Brown
876,Everett Sloane
877,Evgeniy Tilicheev
878,Ewan McGregor
879,Ewen Bremner
880,Ezra Buzzington
881,Ezra Miller
882,F. Murray Abraham
883,Fadi Yousef
884,Faime Jurno
885,Fairuza Balk
886,Fana Mokoena
887,Farida Dadi
888,Farrukh Jaffar
889,Fatima Sana Shaikh
890,Faustini
891,Fausto Guerzoni
892,Faye Dunaway
893,Felix Bressart
894,Fereshte Sarabandi
895,Ferit Kaya
896,Fernando Chien
897,Fikret Kuskan
898,Finlay Currie
899,Finn Carr
900,Firdous Bamji
901,Flea
902,Florence Bates
903,Florence Lee
904,Folco Lulli
905,Folke Sundquist
906,Forest Whitaker
907,Fort Atkinson
908,Fortunio Bonanova
909,Frances Conroy
910,Frances Fisher
911,Frances Lee McCain
912,Frances McDormand
913,Francesca De Sapio
914,Francesco Guzzo
915,Francesco Quinn
916,Francis Compton
917,Francis X. McCarthy
918,Francisco Vidal
919,Frank Adonis
920,Frank Adu
921,Frank Albertson
922,Frank Barnes
923,Frank Berry
924,Frank Cady
925,Frank DiLeo
926,Frank Faylen
927,Frank Finlay
928,Frank Gallegos
929,Frank Grillo
930,Frank Harper
931,Frank John Hughes
932,Frank Middlemass
933,Frank Miller
934,Frank Overton
935,Frank Oz
936,Frank S. Aronson
937,Frank Seals Jr.
938,Frank Senger
939,Frank Sivero
940,Frank Thring
941,Frank Topham
942,Frank Vincent
943,Frank Whaley
944,Frank Wolff
945,Frankie Faison
946,Frankie McCafferty
947,Franklyn Farnum
948,Franz Stein
949,François Caron
950,François Cluzet
951,François Nocher
952,Fred Bell
953,Fred Clark
954,Fred Crane
955,Fred MacMurray
956,Fred Malatesta
957,Fred Sorenson
958,Fred Willard
959,Freddie Jones
960,Frederic Forrest
961,Frederick Vroom
962,Friedrich Gnaß
963,Friedrich von Thun
964,Fritz Dominique
965,Fritz Odemar
966,Fritz Rasp
967,Frédéric Paquet
968,Fumihiko Tachiki
969,G. Velts
970,G.D. Spradlin
971,Gabriel Akuwudike
972,Gabriel Byrne
973,Gabriel Iglesias
974,Gabriele Ferzetti
975,Gael García Bernal
976,Gajaraj
977,Gal Gadot
978,Gale Hansen
979,Gamil Ratib
980,Garret Dillahunt
981,Garth Avery
982,Gary Houston
983,Gary Lockwood
984,Gary Merrill
985,Gary Oldman
986,Gary Riley
987,Gastone Moschin
988,Gay Hamilton
989,Gayatri Joshi
990,Gedeon Burkhard
991,Gene Amoroso
992,Gene Gross
993,Gene Hackman
994,Gene Kelly
995,Geoffrey Horne
996,Geoffrey Rush
997,Georg John
998,Georg Løkkeberg
999,George 'Red' Schwartz
1000,George Alderson
1001,George C. Scott
1002,George Christy
1003,George Coulouris
1004,George DiCenzo
1005,George Dzundza
1006,George E. Stone
1007,George Kelly
1008,George Kennedy
1009,George Leigh
1010,George Lynn
1011,George MacKay
1012,George Macready
1013,George Maguire
1014,George Martin
1015,George Memmoli
1016,George O'Hanlon
1017,George Raft
1018,George Reeves
1019,George Relph
1020,George Sanders
1021,George Voskovec
1022,Georges Flamant
1023,Georgia Backus
1024,Georgia Hale
1025,Georgine Darcy
1026,Gerald R. Molen
1027,Geraldine Hughes
1028,Gerard Butler
1029,Gerard Murphy
1030,Gerardo Campbell
1031,Gerda Stevenson
1032,Gerhard Bienert
1033,Gerran Howell
1034,Gerry Robert Byrne
1035,Gertrud Fridh
1036,Geun-hee Won
1037,Gia Gogishvili
1038,Gian Maria Volontè
1039,Giancarlo Esposito
1040,Gianni Russo
1041,Gil Baroni
1042,Gil Bellows
1043,Gillian Anderson
1044,Gina Mastrogiacomo
1045,Gino Ardito
1046,Gino Saltamerenda
1047,Giorgi Nakashidze
1048,Giorgi Tsaava
1049,Giorgio Cantarini
1050,Giovanni Ribisi
1051,Girija Oak
1052,Girish Kulkarni
1053,Giuliana Lojodice
1054,Giulio Chiari
1055,Giustino Durano
1056,Gladys Cooper
1057,Glen Cavender
1058,Glenn Beck
1059,Glenn Fitzgerald
1060,Glenn Fleshler
1061,Gloria Foster
1062,Gloria Grahame
1063,Gloria Swanson
1064,Godfrey Quigley
1065,Gonzalo Uriarte
1066,Gordon Jackson
1067,Gorô Naya
1068,Goya Toledo
1069,Grace Hayle
1070,Grace Kelly
1071,Graham Beckel
1072,Graham Chapman
1073,Graham Duff
1074,Graham Greene
1075,Graham Norton
1076,Grant Mitchell
1077,Greg Wood
1078,Gregory Peck
1079,Gregory Ratoff
1080,Grégoire Gromoff
1081,Grégoire Oestermann
1082,Guillermo Francella
1083,Gulcin Kultur Sahin
1084,Gunnar Björnstrand
1085,Gunnar Olsson
1086,Gunnar Sjöberg
1087,Gunnel Broström
1088,Gunnel Lindblom
1089,Gurnam Singh
1090,Gus Schilling
1091,Gustaf Gründgens
1092,Gustav Fröhlich
1093,Guy Decomble
1094,Guy Delamarche
1095,Guy Kibbee
1096,Guy Pearce
1097,Guy Torry
1098,Gwen Taylor
1099,Gwyneth Paltrow
1100,Güven Hokna
1101,H.B. Warner
1102,H.V. Kaltenborn
1103,Hailee Steinfeld
1104,Hajime Maki
1105,Hakeem Kae-Kazim
1106,Hal Galili
1107,Hal Holbrook
1108,Haley Joel Osment
1109,Halit Ergenç
1110,Halliwell Hobbes
1111,Halvar Björk
1112,Hamed Najem
1113,Hamid Dadju
1114,Hamish Hughes
1115,Hampig Abraham
1116,Han-sun Jang
1117,Hana Shuan
1118,Hank Mann
1119,Hannah Gordon
1120,Hannes Messemer
1121,Hanno Pöschl
1122,Hans Weingartner
1123,Hans-Uwe Bauer
1124,Harald Waiglein
1125,Hardy Krüger
1126,Harold G. Herthum
1127,Harold Goodwin
1128,Harold Gould
1129,Harriet Sansom Harris
1130,Harris Yulin
1131,Harrison Ford
1132,Harrison Taylor
1133,Harry Carey
1134,Harry Cohn
1135,Harry Dean Stanton
1136,Harry Fischler
1137,Harry Myers
1138,Harry Nehring
1139,Harry Shannon
1140,Harry Waters Jr.
1141,Harry Wilson
1142,Hart Bochner
1143,Haruko Katô
1144,Haruko Sugimura
1145,Haruo Tanaka
1146,Harve Presnell
1147,Harvey Keitel
1148,Hasan Roohparvari
1149,Hattie McDaniel
1150,Havis Davenport
1151,Hawthorne James
1152,Haya Harareet
1153,Hayal Köseoglu
1154,Haymon Maria Buttinger
1155,Heath Ledger
1156,Hedda Hopper
1157,Hedwig Bleibtreu
1158,Heidi Schanz
1159,Heihachirô Ôkawa
1160,Heino Ferch
1161,Heinrich George
1162,Heinz Hoenig
1163,Helen Horton
1164,Helen Ryan
1165,Helena Bonham Carter
1166,Henny Youngman
1167,Henry Bergman
1168,Henry Cavill
1169,Henry Daniell
1170,Henry Fonda
1171,Henry Jones
1172,Henry Travers
1173,Henry Victor
1174,Hera Sajid
1175,Herbert Grönemeyer
1176,Herbert Knaup
1177,Herbert Siguenza
1178,Hilary Swank
1179,Hiro Yûki
1180,Hiroshi Tachikawa
1181,Hiroshi Tanaka
1182,Hisako Kyôda
1183,Hisao Toake
1184,Hisashi Igawa
1185,Hitoshi Takagi
1186,Holland Taylor
1187,Hope Easterbrook
1188,Hope Holiday
1189,Horacio Vay
1190,Horst Buchholz
1191,Howard Hickman
1192,Hsien Yu
1193,Hubert Koundé
1194,Hubertus Bengsch
1195,Huggy Leaver
1196,Hugh Griffith
1197,Hugh Jackman
1198,Hugh Keays-Byrne
1199,Hugh Marlowe
1200,Hugo Weaving
1201,Huma Qureshi
1202,Humberto Busto
1203,Humphrey Bogart
1204,Hunter Carson
1205,Husnija Hasimovic
1206,Hussein Sami
1207,Hy Pyke
1208,Hye-jin Jang
1209,Hyun-jun Jung
1210,Héctor Drachtman
1211,Héloïse Rauth
1212,Hümeyra
1213,I.S. Johar
1214,Ian Harding
1215,Ian Holm
1216,Ian McDiarmid
1217,Ian Sherman
1218,Ian Tyler
1219,Ian Wolfe
1220,Ichirô Nagai
1221,Ichirô Nakatani
1222,Igor Gnevashev
1223,Ik-han Jung
1224,Ikio Sawamura
1225,Il-han Oo
1226,Ilario Calvo
1227,Ilker Aksum
1228,Inga Gill
1229,Inga Landgré
1230,Inge Landgut
1231,Ingrid Bergman
1232,Ingrid Thulin
1233,Ione M. Telech
1234,Iota
1235,Irene Winston
1236,Irina Tarkovskaya
1237,Irshad
1238,Irvine Welsh
1239,Isa Danieli
1240,Isabelle Nanty
1241,Isao Kimura
1242,Ishita Dutta
1243,Isla Blair
1244,Isuzu Yamada
1245,Ivan Lapikov
1246,Ivan Massagué
1247,Ivana Baquero
1248,J.D. Cannon
1249,J.J. Cohen
1250,J.K. Simmons
1251,JJ Feild
1252,Jack Angel
1253,Jack Benny
1254,Jack Creley
1255,Jack Elam
1256,Jack Fletcher
1257,Jack Hawkins
1258,Jack Kehler
1259,Jack Kehoe
1260,Jack Klugman
1261,Jack Kruschen
1262,Jack Lemmon
1263,Jack McMullen
1264,Jack Nicholson
1265,Jack O'Connell
1266,Jack Oakie
1267,Jack Purvis
1268,Jack Shearer
1269,Jack Warden
1270,Jack Webb
1271,Jackie Coogan
1272,Jackie Earle Haley
1273,Jacky Ido
1274,Jacob Stringer
1275,Jacob Tremblay
1276,Jacob Warner
1277,Jacques Arnna
1278,Jacques Perrin
1279,Jada Pinkett Smith
1280,Jae-Duk Han
1281,Jae-ho Song
1282,Jae-myeong Jo
1283,Jaeden Bettencourt
1284,Jafar Seyfollahi
1285,Jaideep Ahlawat
1286,Jaime Camil
1287,Jaimz Woolvett
1288,Jake Gyllenhaal
1289,Jake Johnson
1290,Jake McLaughlin
1291,Jameel Khan
1292,Jamel Debbouze
1293,James Anderson
1294,James Badge Dale
1295,James Brolin
1296,James Caan
1297,James Coburn
1298,James Cosmo
1299,James Cromwell
1300,James Donald
1301,James Earl Jones
1302,James Garner
1303,James Hayden
1304,James Hong
1305,James Keane
1306,James Lugton
1307,James Marcus
1308,James Mason
1309,James O'Neill
1310,James O'Rear
1311,James Remar
1312,James Robinson
1313,James Shigeta
1314,James Sloyan
1315,James Stewart
1316,James Tolkan
1317,James Waterston
1318,James Westerfield
1319,James Whitmore
1320,James Woods
1321,Jameson Thomas
1322,Jamey Sheridan
1323,Jamie Foxx
1324,Jamie Harris
1325,Jamie de Courcey
1326,Jamil Ahmad
1327,Jan Fedder
1328,Jane Adams
1329,Janet Leigh
1330,Janet Sarno
1331,Janine Darcey
1332,Jano Izoria
1333,Jared Leto
1334,Jarin Towney
1335,Jasmine Cephas Jones
1336,Jason Alexander
1337,Jason Bose Smith
1338,Jason Fitch
1339,Jason Flemyng
1340,Jason Gray-Stanford
1341,Jason Ledford
1342,Jason Momoa
1343,Jason Oliver Lipsett
1344,Jason Robards
1345,Jason Schwartzman
1346,Jason Statham
1347,Javed Jaffrey
1348,Javier Bardem
1349,Javier Godino
1350,Javier Pedersoli
1351,Jay Baruchel
1352,Jayson Blair
1353,Jean Arthur
1354,Jean Dujardin
1355,Jean Hagen
1356,Jean Heather
1357,Jean Reno
1358,Jean Servais
1359,Jean Simmons
1360,Jean d'Yd
1361,Jean-François Bergouignan
1362,Jean-Pierre Léaud
1363,Jed Brophy
1364,Jee-Yun Lee
1365,Jefechander Suplino
1366,Jeff Bridges
1367,Jeff Garlin
1368,Jeff Goldblum
1369,Jeff Pidgeon
1370,Jeffrey DeMunn
1371,Jeffrey Jones
1372,Jeffrey Zubernis
1373,Jeffrie Lane
1374,Jena Malone
1375,Jenette Goldstein
1376,Jeni Vici
1377,Jennifer Connelly
1378,Jennifer Garner
1379,Jennifer Lien
1380,Jennifer Morrison
1381,Jennifer Tilly
1382,Jeremiah Ndlovu
1383,Jeremy Bulloch
1384,Jeremy Davies
1385,Jeremy Irons
1386,Jeremy Leary
1387,Jeremy Renner
1388,Jerome Dempsey
1389,Jerome Ranft
1390,Jerry Hausner
1391,Jerry O'Connell
1392,Jerry Ziesmer
1393,Jess Harnell
1394,Jesse Eisenberg
1395,Jessica Kate Meyer
1396,Jessie Royce Landis
1397,Jesslyn Fax
1398,Ji-so Jung
1399,Jillie Simon
1400,Jim Carrey
1401,Jim Cummings
1402,Jim Farley
1403,Jim Gallien
1404,Jim Meskimen
1405,Jim Piddock
1406,Jim Varney
1407,Jimmie Dale Gilmore
1408,Jimmy Gambina
1409,Jin-Seo Yoon
1410,Jinpachi Nezu
1411,Jo Connor
1412,Jo Dest
1413,Jo Van Fleet
1414,Joachim Bernhard
1415,Joan Allen
1416,Joan Cusack
1417,Joan Fontaine
1418,Joan Shawlee
1419,Joanna Cassidy
1420,Joanna Lumley
1421,Joanne Gordon
1422,Joaquin Phoenix
1423,Jodi Benson
1424,Jodi Letizia
1425,Jodie Foster
1426,Joe Aufiery
1427,Joe Cortese
1428,Joe D'Angerio
1429,Joe E. Brown
1430,Joe Grifasi
1431,Joe Keaton
1432,Joe Mantell
1433,Joe Morton
1434,Joe Pantoliano
1435,Joe Pesci
1436,Joe Pingue
1437,Joe Ranft
1438,Joe Spinell
1439,Joe Turkel
1440,Joe Williamson
1441,Joel Edgerton
1442,Joel Polis
1443,Joerg Stadler
1444,Joey Plewa
1445,John Anderson
1446,John Bach
1447,John Bartha
1448,John Bloom
1449,John Boxer
1450,John C. McGinley
1451,John Carpenter
1452,John Carroll Lynch
1453,John Cassini
1454,John Cazale
1455,John Cho
1456,John Cleese
1457,John Clive
1458,John Cygan
1459,John DeMita
1460,John DiMaggio
1461,John Dimech
1462,John Dunn-Hill
1463,John Edward Allen
1464,John F. Hamilton
1465,John Fiedler
1466,John Finn
1467,John Gavin
1468,John Gielgud
1469,John Goodman
1470,John Heffernan
1471,John Heldabrand
1472,John Hillerman
1473,John Hollis
1474,John Howard
1475,John Hurt
1476,John Huston
1477,John Leyton
1478,John Lithgow
1479,John Lurie
1480,John Marley
1481,John McIntire
1482,John Megna
1483,John Mighton
1484,John Morris
1485,John Mulaney
1486,John Philliber
1487,John Qualen
1488,John Randall
1489,John Ratzenberger
1490,John Rhys-Davies
1491,John Savage
1492,John Shrapnel
1493,John Slattery
1494,John Standing
1495,John Terry
1496,John Travolta
1497,John Turturro
1498,John Williams
1499,John Worsham
1500,John Young
1501,Johnny Depp
1502,Johnny Seven
1503,Jon Bernthal
1504,Jon Favreau
1505,Jon Sortland
1506,Jon Stafford
1507,Jon Voight
1508,Jonah Hill
1509,Jonathan Groff
1510,Jonathan Haagensen
1511,Jonathan Sagall
1512,Jonathan Taylor Thomas
1513,Jong-Dae Kim
1514,Jong-ryol Choi
1515,Jonny Lee Miller
1516,Jordan Charney
1517,Jordan Nagai
1518,Jorge Salinas
1519,Jorja Fox
1520,Josef Davies
1521,Joseph Bernard
1522,Joseph Bono
1523,Joseph Cotten
1524,Joseph Egger
1525,Joseph Gordon-Levitt
1526,Joseph Mazzello
1527,Joseph Momo
1528,Joseph Mussey
1529,Joseph Palau-Fabre
1530,Joseph Ragno
1531,Joseph Sikora
1532,Joseph Sweeney
1533,Josephine Hutchinson
1534,Josh Brolin
1535,Josh Charles
1536,Josh Cooley
1537,Josh Helman
1538,Josh Lucas
1539,Josh Pais
1540,Josie Smith
1541,Josip Elic
1542,José Ferrer
1543,José Luis Gioia
1544,José Sefami
1545,José Torvay
1546,Joséphine de Meaux
1547,Joy Page
1548,Joyce Jameson
1549,Juan José Ortíz
1550,Juanjo Cucalón
1551,Jud Taylor
1552,Judd Hirsch
1553,Jude Ciccolella
1554,Jude Law
1555,Judith Anderson
1556,Judith Evelyn
1557,Judy Clayton
1558,Judy Garland
1559,Jules Dassin
1560,Julia Fletcher
1561,Julia Rayner
1562,Julian Arahanga
1563,Julian Glover
1564,Julian Rhind-Tutt
1565,Julian Walsh
1566,Juliane Köhler
1567,Julianne Moore
1568,Julie Delpy
1569,Julie Dreyfus
1570,Julie Forsyth
1571,Julieta Zylberberg
1572,Jullan Kindahl
1573,Jun Kunimura
1574,Jun Tazaki
1575,Jung-woo Ha
1576,Justin Hogg
1577,Justin Mader
1578,Justus von Dohnányi
1579,Jytte Kvinesdal
1580,Jôji Yanami
1581,Jürgen Prochnow
1582,Jüri Lumiste
1583,Kaali Venkat
1584,Kaitlyn Dias
1585,Kaito Ishikawa
1586,Kalabhavan Haneef
1587,Kalabhavan Shajohn
1588,Kam-Wah Koo
1589,Kamal Mirkarimi
1590,Kamatari Fujiwara
1591,Kambiz Peykarnegar
1592,Kamran Usluer
1593,Kana Hanazawa
1594,Kang Hye-jeong
1595,Kang-ho Song
1596,Kanon Tani
1597,Karamveer Choudhary
1598,Kareena Kapoor
1599,Karen Allen
1600,Karen Carlisle
1601,Karen Gillan
1602,Karl Bruckschwaiger
1603,Karl Malden
1604,Karunakaran
1605,Kasi Lemmons
1606,Kasia Stelmach
1607,Katarina Cas
1608,Kate Winslet
1609,Kathryn Hahn
1610,Kathryn McGuire
1611,Kathy Cronkite
1612,Kathy Najimy
1613,Katie Holmes
1614,Kavita Patil
1615,Kawsar Al Haddad
1616,Kayhan Yildizoglu
1617,Kazimir Rabetsky
1618,Kazuhiko Inoue
1619,Kazumi Nozaki
1620,Kazuo Katô
1621,Keanu Reeves
1622,Keenan Wynn
1623,Kei Satô
1624,Keiichirô Katsumoto
1625,Keiko Tsushima
1626,Keir Dullea
1627,Keith A. Glascoe
1628,Keith David
1629,Kelly Lai Chen
1630,Kelly Macdonald
1631,Kelsey Scott
1632,Kem Dibbs
1633,Kemal Inci
1634,Ken Gibbel
1635,Ken Kenny
1636,Ken Watanabe
1637,Kenji Kodama
1638,Kenji Ohba
1639,Kenjirô Ishiyama
1640,Kenneth Colley
1641,Kenneth MacKenna
1642,Kenneth McMillan
1643,Kenny Baker
1644,Kerry Condon
1645,Kerry Rossall
1646,Kerry Washington
1647,Keun-rok Park
1648,Kevin Breznahan
1649,Kevin Corrigan
1650,Kevin DeCoste
1651,Kevin Dillon
1652,Kevin Dunn
1653,Kevin McKidd
1654,Kevin Pollak
1655,Kevin Spacey
1656,Kevin Thompson
1657,Kevork Malikyan
1658,Kevyn Major Howard
1659,Kichijirô Ueda
1660,Kiefer Sutherland
1661,Kieron Elliott
1662,Kieron Jecchinis
1663,Kiko Cerone
1664,Kiko Marques
1665,Kim Basinger
1666,Kim Byeong-Ok
1667,Kim Dickens
1668,Kim Hae-sook
1669,Kim Min-hee
1670,Kim Novak
1671,Kim Sang-kyung
1672,Kim Tae-ri
1673,Kimberly Campbell
1674,Kimia Hosseini
1675,Kimiko Glenn
1676,Kirk Baltz
1677,Kirk Douglas
1678,Kirk Taylor
1679,Kirron Kher
1680,Kirsten Dunst
1681,Kishori Ballal
1682,Kit Gwin
1683,Kiyoshi Yanagawa
1684,Klaus Kinski
1685,Klaus Wennemann
1686,Koba Hayashi
1687,Kofi Siriboe
1688,Kokuten Kôdô
1689,Konstantin Shayne
1690,Koottickal Jayachandran
1691,Kotono Mitsuishi
1692,Kristen Dalton
1693,Kristen Stewart
1694,Kristen Wiig
1695,Kristin Rudrüd
1696,Krzysztof Luft
1697,Krzysztof Soszynski
1698,Kumar
1699,Kunal Kapoor
1700,Kunchan
1701,Kuniko Miyake
1702,Kurt Russell
1703,Kurt Schweickhardt
1704,Kurti
1705,Kurtwood Smith
1706,Kyla-Drew
1707,Kyle Chandler
1708,Kyle MacLachlan
1709,Kyu-baek Kim
1710,Kyu-jung Lee
1711,Kyôko Kagawa
1712,Kyû Sazanka
1713,Kôhei Miyauchi
1714,Kôichi Hayashi
1715,Kôzô Hashida
1716,L.Q. Jones
1717,Lalita Kumari
1718,Lalita Pawar
1719,Lalitha Lajmi
1720,Lamberto Maggiorani
1721,Lan Fendors
1722,Lance Henriksen
1723,Larissa Kokernot
1724,Larry Brandenburg
1725,Larry Carroll
1726,Larry Franco
1727,Larry Holden
1728,Larry J. Blake
1729,Larry Rapp
1730,Lars Ranthe
1731,Lasse Fogelstrøm
1732,Laura Cayouette
1733,Laura Dern
1734,Laura Linney
1735,Laura Lovelace
1736,Lauren Bacall
1737,Laurence Fishburne
1738,Laurence Olivier
1739,Laurent Labasse
1740,Laurie Metcalf
1741,Lawrence A. Bonney
1742,Lawrence Makoare
1743,Lawrence T. Wrentz
1744,Lawrence Tierney
1745,Lea Thompson
1746,Leandro Firmino
1747,Lebo Mashile
1748,Lee J. Cobb
1749,Lee Jeong-eun
1750,Lee Patrick
1751,Lee Paul
1752,Lee Strasberg
1753,Lee Van Cleef
1754,Leib Lensky
1755,Leif Erickson
1756,Leigh Gill
1757,Leila Hatami
1758,Lekh Tandon
1759,Leland Harris
1760,Leleti Khumalo
1761,Lembit Ulfsak
1762,Len Cariou
1763,Lena Nyman
1764,Lennie James
1765,Lenny McLean
1766,Leo Britt
1767,Leo G. Carroll
1768,Leo Gullotta
1769,Leon Pownall
1770,Leonard Carey
1771,Leonard Harris
1772,Leonard Rossiter
1773,Leonardo DiCaprio
1774,Leonid Kinskey
1775,Leopoldo Trieste
1776,Les Tremayne
1777,Lesley Dunlop
1778,Leslie Hamilton Gearren
1779,Leslie Howard
1780,Leslie Odom Jr.
1781,Lewis Black
1782,Lia Beldam
1783,Liam Neeson
1784,Lianella Carell
1785,Lidia Alfonsi
1786,Liese Lyon
1787,Liev Schreiber
1788,Liisa Repo-Martell
1789,Lily Tomlin
1790,Lin-Manuel Miranda
1791,Lina Mira
1792,Linda Cardellini
1793,Linda Hamilton
1794,Linn Ullmann
1795,Linus Roache
1796,Lionel Atwill
1797,Lionel Barrymore
1798,Lionel Stander
1799,Lisa Banes
1800,Lisa Burns
1801,Lisa Summerour
1802,Lisbeth Bartlett
1803,Liubomiras Laucevicius
1804,Liv Ullmann
1805,Livio Lorenzon
1806,Ljubica Adzovic
1807,Lloyd Gough
1808,Lola Kirke
1809,Lombardo Boyar
1810,Lorella Cravotta
1811,Lorenzo Caccialanza
1812,Lorenzo Robledo
1813,Lori Anne Flax
1814,Lorraine Bracco
1815,Lou Antonio
1816,Louis Ravet
1817,Louise Fletcher
1818,Louise Lasser
1819,Louise Lemoine Torrès
1820,Lourdes Echevarría
1821,Lubna Azabal
1822,Lucas Hedges
1823,Lucia Rijker
1824,Lucila Mangone
1825,Lucius Wyatt Cherokee
1826,Lucy Liu
1827,Lucy Skeaping
1828,Luigi Pistilli
1829,Luis De Lima
1830,Luis Otávio
1831,Luis Rodríguez
1832,Lukas Haas
1833,Luke Askew
1834,Lumsden Hare
1835,Luna Lauren Velez
1836,Lurene Tuttle
1837,Luàna Bajrami
1838,Léa Seydoux
1839,Léon Larive
1840,M. Emmet Walsh
1841,M.R.B. Chakrabandhu
1842,Mabutho 'Kid' Sithole
1843,MacInTalk
1844,Machiko Kyô
1845,Machiko Washio
1846,Mack Swain
1847,Mackenzie Foy
1848,Madeleine Lebeau
1849,Madge Sinclair
1850,Madhavan
1851,Mads Mikkelsen
1852,Mady Kaplan
1853,Magali Noël
1854,Maggie Cheung
1855,Maggie Gyllenhaal
1856,Maggie Nixon
1857,Magnus Nolan
1858,Mahershala Ali
1859,Mahesh Balraj
1860,Mahito Tsujimura
1861,Mahmut Gökgöz
1862,Majida Hussein
1863,Makoto Kobori
1864,Malaya Rivera Drew
1865,Malcolm McDowell
1866,Malcolm Waite
1867,Malgorzata Gebel
1868,Malinda McCollum
1869,Man-Lei Chan
1870,Manav Vij
1871,Mandy Mao
1872,Manning Redwood
1873,Manoj Bajpayee
1874,Manolo Solo
1875,Mansai Nomura
1876,Manuel Dondé
1877,Mara Krupp
1878,Marc Aden Gray
1879,Marc Cavell
1880,Marc Maron
1881,Marc McClure
1882,Marcel Lupovici
1883,Marcelo Frasca
1884,Marcia Gay Harden
1885,Marcia Jean Kurtz
1886,Marco Leonardi
1887,Marco Pérez
1888,Marcus Chong
1889,Margaret Tyzack
1890,Margaretha Krook
1891,Margarito Luna
1892,Margo Hall
1893,Margo Martindale
1894,Margo Moorer
1895,Margot Robbie
1896,Mari Natsuki
1897,Maria Bello
1898,Maria Falconetti
1899,Maria Skorobogatov
1900,Mariane Plasteig
1901,Marianne Aminoff
1902,Marianne Muellerleile
1903,Mariano Argento
1904,Maribel Verdú
1905,Marie Gruber
1906,Marie Kean
1907,Marie Pillet
1908,Marie Sabouret
1909,Marilyn Monroe
1910,Mario Alarcón
1911,Mario Gallo
1912,Marion Cotillard
1913,Marion Mack
1914,Marisa Berenson
1915,Marisa Paredes
1916,Mark Boone Junior
1917,Mark Ferguson
1918,Mark Hamill
1919,Mark Ivanir
1920,Mark Margolis
1921,Mark Moses
1922,Mark Pellegrino
1923,Mark Rolston
1924,Mark Ruffalo
1925,Mark Ryan
1926,Mark Wahlberg
1927,Mark Zycon
1928,Marlene Dietrich
1929,Marlon Brando
1930,Marlon Wayans
1931,Marshall Bell
1932,Martha Scott
1933,Martin Balsam
1934,Martin Brambach
1935,Martin Cavina
1936,Martin Ferrero
1937,Martin Landau
1938,Martin May
1939,Martin Semmelrogge
1940,Martin Sheen
1941,Martin Stringer
1942,Martina Gedeck
1943,Marton Csokas
1944,Mary Ann Haenel
1945,Mary Elizabeth Mastrantonio
1946,Mary Gibbs
1947,Mary Treen
1948,María Laura Caccamo
1949,María Marull
1950,María Rosa López Ottonello
1951,Masahiro Kanetake
1952,Masaki Terasoma
1953,Masako Sugaya
1954,Masao Mishima
1955,Masao Shimizu
1956,Masashi Hirose
1957,Masayo Sakai
1958,Masayuki Mori
1959,Masayuki Yui
1960,Masume Dair
1961,Matheus Nachtergaele
1962,Mathieu Amalric
1963,Mathieu Kassovitz
1964,Matt Carey
1965,Matt Damon
1966,Matt Doran
1967,Matt Gordon
1968,Matt McCoy
1969,Matt Mercier
1970,Matthew Braden Stringer
1971,Matthew Broderick
1972,Matthew McConaughey
1973,Matthew Modine
1974,Matthias Brenner
1975,Matthias Habich
1976,Maud Hansson
1977,Maude Eburne
1978,Maureen Lipman
1979,Maureen McBride
1980,Maurice Bénichou
1981,Maurice Moscovitch
1982,Maurice Schutz
1983,Max Kasch
1984,Max Martini
1985,Max von Sydow
1986,Maxim Gaudette
1987,Maximilian Schell
1988,Maximiliano Hernández
1989,Meat Loaf
1990,Meena
1991,Megan Edwards
1992,Meghna Malik
1993,Megumi Hayashibara
1994,Megumi Ogata
1995,Mel Lambert
1996,Melih Çardak
1997,Melissa Benoist
1998,Melissa Leo
1999,Melissa Peterman
2000,Melissa Prophet
2001,Melville Cooper
2002,Mena Suvari
2003,Merila Zare'i
2004,Meryl Streep
2005,Mesut Akusta
2006,Mhairi Calvey
2007,Mi Mi Lee
2008,Mi-seon Jeon
2009,Michael Badalucco
2010,Michael Bates
2011,Michael Berryman
2012,Michael Biehn
2013,Michael Bowen
2014,Michael Byrne
2015,Michael Caine
2016,Michael Clarke Duncan
2017,Michael Conner Humphreys
2018,Michael Elphick
2019,Michael Elsworth
2020,Michael Fassbender
2021,Michael Gambon
2022,Michael Gover
2023,Michael J. Fox
2024,Michael James Allen
2025,Michael Jeter
2026,Michael Kaycheck
2027,Michael Keaton
2028,Michael Madsen
2029,Michael Mendl
2030,Michael P. Moran
2031,Michael Palin
2032,Michael Parks
2033,Michael Pennington
2034,Michael Peña
2035,Michael Sottile
2036,Michael V. Gazzo
2037,Michal Zebrowski
2038,Michel Girard
2039,Michel Gomes
2040,Michel Lesignor
2041,Michel Ray
2042,Michel Robin
2043,Michel Simon
2044,Michele Sakara
2045,Michelle Pfeiffer
2046,Michelle Williams
2047,Michio Denpô
2048,Mickie McGowan
2049,Mieko Harada
2050,Miguel Sandoval
2051,Mike Colter
2052,Mike Donlin
2053,Mike Hatton
2054,Mike Mazurki
2055,Mike Reid
2056,Mike Starr
2057,Mikhail Kononov
2058,Miki Nagasawa
2059,Miki Odagiri
2060,Mila Brener
2061,Milan Demjanenko
2062,Miles Mander
2063,Miles Teller
2064,Millard Mitchell
2065,Milo Gibson
2066,Mimi Pollak
2067,Min-chae Yoo
2068,Mindy Kaling
2069,Minnie Driver
2070,Minoru Chiaki
2071,Minoru Yada
2072,Minosuke Yamada
2073,Mira McKinney
2074,Miriam Colon
2075,Miriam Karlin
2076,Mirsad Zulic
2077,Mischa Barton
2078,Misha Meskhi
2079,Missi Pyle
2080,Mister Mackey Jr.
2081,Mitsunori Isaki
2082,Miyu Irino
2083,Mohamad Abdellatif
2084,Mohamad Akkar
2085,Mohammad Al Abdallah
2086,Mohammad Amir Naji
2087,Mohammad Ebrahimian
2088,Mohammad-Hasan Hosseinian
2089,Mohammadhasan Asghari
2090,Mohanlal
2091,Mohini Kewalramani
2092,Moira Kelly
2093,Mona Singh
2094,Mone Kamishiraishi
2095,Monique Gabriela Curnen
2096,Montgomery Clift
2097,Morgan Freeman
2098,Morgan Paull
2099,Morgan Woodward
2100,Mort Mills
2101,Motomu Kiyokawa
2102,Mr. Peck
2103,Mrunal Jadhav
2104,Mugihito
2105,Mukund Bhatt
2106,Munishkanth
2107,Murdock MacQuarrie
2108,Murphy Guyer
2109,Murray Melvin
2110,Mustafa Kamel
2111,Mutsuko Sakura
2112,Mwako Cumbuka
2113,Myeong-hoon Park
2114,Mykelti Williamson
2115,Médard Niang
2116,Mélanie Laurent
2117,Mélissa Désormeaux-Poulin
2118,Mîna Tominaga
2119,Mónica Villa
2120,Nabil Ben Mhamed
2121,Nadia Essadiqi
2122,Nafise Jafar-Mohammadi
2123,Naima Wifstrand
2124,Nancy Lenehan
2125,Nancy Olson
2126,Nandu Hinds
2127,Naoki Tatsuta
2128,Naomi Stevens
2129,Nastassja Kinski
2130,Nat Grant
2131,Natalia Cordova-Buckley
2132,Natalie Dormer
2133,Natalie Morales
2134,Natalie Portman
2135,Natalya Abramova
2136,Natascha McElhone
2137,Natasha Wightman
2138,Nate Irwin
2139,Nate Lang
2140,Nathalie Baye
2141,Nathan George
2142,Nathan Jones
2143,Nathan Lane
2144,Nawazuddin Siddiqui
2145,Neal Huff
2146,Necdet Mahfi Ayral
2147,Ned Beatty
2148,Neda Margrethe Labba
2149,Neeraj Madhav
2150,Nehemiah Persoff
2151,Neil Giuntoli
2152,Neil Innes
2153,Neil McCarthy
2154,Neil Patrick Harris
2155,Nellie Sciutto
2156,Nergis Çorakçi
2157,Nestor Carbonell
2158,Nicholas Bird
2159,Nicholas Colasanto
2160,Nicholas Hoult
2161,Nicholas Rowe
2162,Nichole Galicia
2163,Nick Lehane
2164,Nick Marcq
2165,Nick Moran
2166,Nick Nolte
2167,Nicola Di Pinto
2168,Nicolas Cage
2169,Nicoletta Braschi
2170,Nigel Bruce
2171,Nigel Stock
2172,Niketa Calame-Harris
2173,Nikitasha Kapoor
2174,Nikolay Burlyaev
2175,Nikolay Grabbe
2176,Nikolay Grinko
2177,Nikolay Sergeev
2178,Nils Poppe
2179,Nina Evdokimova
2180,Nino Terzo
2181,Nisa Sofiya Aksongur
2182,Nizhalgal Ravi
2183,No-shik Park
2184,Noah Emmerich
2185,Noah Jupe
2186,Nobunaga Shimazaki
2187,Nobuo Kaneko
2188,Nobuo Nakamura
2189,Noel Appleby
2190,Nomi Sharron
2191,Norbert Weisser
2192,Noriko Hidaka
2193,Noriko Honma
2194,Norio Matsui
2195,Norm MacDonald
2196,Norma Varden
2197,Norman Lloyd
2198,Noémie Merlant
2199,Nye Heron
2200,Ok-joo Lee
2201,Okieriete Onaodowan
2202,Olga Abrego
2203,Olga Mironova
2204,Oliver Marks
2205,Oliver Reed
2206,Oliver Stritzel
2207,Olivia Wilde
2208,Olivia Williams
2209,Olivier Lafont
2210,Om Puri
2211,Omar Doom
2212,Omar Sharif
2213,Omar Sy
2214,Omi Vaidya
2215,Orlando Bloom
2216,Orson Welles
2217,Oscar Polk
2218,Otto Wernicke
2219,P.H. Moriarty
2220,P.J. Byrne
2221,Pablo Machado
2222,Pablo Rago
2223,Panos Papadopulos
2224,Paolo Seganti
2225,Paolo Stoppa
2226,Parikshit Sahni
2227,Paris Howe Strewe
2228,Park Hae-il
2229,Pasquale Cajano
2230,Pat Gorman
2231,Pat Henning
2232,Pat O'Brien
2233,Patricia Clarkson
2234,Patricia Hitchcock
2235,Patrick Allen
2236,Patrick Auffay
2237,Patrick Durkin
2238,Patrick Fugit
2239,Patrick Magee
2240,Patrick McCabe
2241,Patrick McGoohan
2242,Patrick McVey
2243,Patrick Stewart
2244,Paul Bartel
2245,Paul Bettany
2246,Paul Calderon
2247,Paul Dano
2248,Paul Eiding
2249,Paul F. Tompkins
2250,Paul Farrell
2251,Paul Fix
2252,Paul Freeman
2253,Paul Giamatti
2254,Paul Gleason
2255,Paul Goddard
2256,Paul Guilfoyle
2257,Paul Henreid
2258,Paul Hörbiger
2259,Paul Kemp
2260,Paul Knauls
2261,Paul Maxwell
2262,Paul Newman
2263,Paul Reiser
2264,Paul Rudd
2265,Paul Shenar
2266,Paul Sloan
2267,Paul Sorvino
2268,Paul Stewart
2269,Paul Tinto
2270,Paul Warriner
2271,Paul Weigel
2272,Paula Pell
2273,Paula Poundstone
2274,Paulette Goddard
2275,Paulie Litt
2276,Pauline Lynch
2277,Paulyn Sun
2278,Payman Maadi
2279,Penn Jillette
2280,Pepe Serna
2281,Percy Herbert
2282,Perry Lopez
2283,Pete Docter
2284,Pete Postlethwaite
2285,Peter Anthony Tambakis
2286,Peter Appel
2287,Peter Boyle
2288,Peter Brett
2289,Peter Brocco
2290,Peter Bull
2291,Peter Capell
2292,Peter Crombie
2293,Peter Cushing
2294,Peter Dobson
2295,Peter Finch
2296,Peter Gallagher
2297,Peter Hanly
2298,Peter Ily Huemer
2299,Peter Krause
2300,Peter Lorre
2301,Peter Maloney
2302,Peter Mayhew
2303,Peter McNicholl
2304,Peter Mullan
2305,Peter O'Toole
2306,Peter Schrum
2307,Peter Sellers
2308,Peter Stormare
2309,Peter Williams
2310,Peter van Eyck
2311,Phellipe Haagensen
2312,Phil Brown
2313,Phil LaMarr
2314,Philip Coolidge
2315,Philip King
2316,Philip McGrade
2317,Philip Moon
2318,Philip Ober
2319,Philip Seymour Hoffman
2320,Philip Stone
2321,Philip Tonge
2322,Philip Van Zandt
2323,Philip Winter
2324,Philippe Noiret
2325,Phillipa Soo
2326,Phillipe Simon
2327,Phoebe Nicholls
2328,Phylicia Rashad
2329,Phyllis Smith
2330,Pierfrancesco Favino
2331,Pierre Grasset
2332,Pierre Segui
2333,Pietro De Silva
2334,Ping Lam Siu
2335,Pip Carter
2336,Piper Perabo
2337,Piyush Mishra
2338,Po-chun Chow
2339,Porter Hall
2340,Pradeep Chandran
2341,Prasanna Ketkar
2342,Prathamesh Parab
2343,Pratima Kulkarni
2344,Predrag Lakovic
2345,Pupella Maggio
2346,Pîtâ
2347,Qolamreza Maleki
2348,Quentin Tarantino
2349,Questlove
2350,Quincy Fouse
2351,Quinn Duffy
2352,Quvenzhané Wallis
2353,R. Lee Ermey
2354,Raaj Gopal Iyer
2355,Rachel Griffiths
2356,Rachel House
2357,Rachel Majorowski
2358,Rachel McAdams
2359,Rachel Singer
2360,Rada Rassimov
2361,Rade Serbedzija
2362,Radha Ravi
2363,Radhika Apte
2364,Raffaella Lebboroni
2365,Rahul Kumar
2366,Rahul Vohra
2367,Raivo Trass
2368,Raja Awasthi
2369,Rajat Kapoor
2370,Rajesh Balwani
2371,Rajesh Khanna
2372,Rajesh Vivek
2373,Rajkummar Rao
2374,Ralf Moeller
2375,Ralf Richter
2376,Ralph Fiennes
2377,Ralph Meeker
2378,Ralph Riach
2379,Ralph St. George
2380,Ramesh Deo
2381,Ramin Namdar
2382,Rand Harper
2383,Randal Edwards
2384,Randall Carver
2385,Randolph Scott
2386,Randy Brooks
2387,Randy Stuart
2388,Rashida Jones
2389,Rashmi Agdekar
2390,Ravi Aneja
2391,Ravi Khanvilkar
2392,Ray Collins
2393,Ray Fisher
2394,Ray Liotta
2395,Ray McKinnon
2396,Ray Milland
2397,Ray Walston
2398,Ray Winstone
2399,Raymo Rendi
2400,Raymond Bailey
2401,Raymond Burr
2402,Rebecca Hall
2403,Rebecca Pan
2404,Rebecca Williams
2405,Reg E. Cathey
2406,Reggie Johnson
2407,Reginald Denny
2408,Reginald Gardiner
2409,Reginald VelJohnson
2410,Reiko Suzuki
2411,Remo Girone
2412,Renaud Fontanarosa
2413,Renee Victor
2414,Renée Elise Goldsberry
2415,Reynaldo Gallegos
2416,Rhodessa Jones
2417,Ricardo Darín
2418,Ricco Ross
2419,Rich Turner
2420,Richa Chadha
2421,Richard Alexander
2422,Richard Anderson
2423,Richard Attenborough
2424,Richard Ayoade
2425,Richard Bakalyan
2426,Richard Bright
2427,Richard Carter
2428,Richard Conte
2429,Richard Davalos
2430,Richard Dreyfuss
2431,Richard Dysart
2432,Richard E. Grant
2433,Richard Edge
2434,Richard Gaines
2435,Richard Gere
2436,Richard Hale
2437,Richard Harris
2438,Richard Kanayan
2439,Richard Kind
2440,Richard Kuss
2441,Richard Masur
2442,Richard Platt
2443,Richard Pyros
2444,Richard Ridings
2445,Richard S. Castellano
2446,Richard Widmark
2447,Richard Young
2448,Richmond Arquette
2449,Rihoko Yoshida
2450,Riki Lindhome
2451,Riley Keough
2452,Rina Takagi
2453,Rishab Chadha
2454,Rita Bennett
2455,Rita Cortese
2456,Rita Davies
2457,Rita Moreno
2458,Ritchie Coster
2459,Ritvik Sahore
2460,River Phoenix
2461,Riya May Atwood
2462,Rob Campbell
2463,Rob Degnan
2464,Rob Lynds
2465,Rob Reiner
2466,Robbie Gee
2467,Robbie Sublett
2468,Robert B. Kennedy
2469,Robert Beatty
2470,Robert Carlyle
2471,Robert Cummings
2472,Robert De Niro
2473,Robert Donner
2474,Robert Downey Jr.
2475,Robert Drivas
2476,Robert Duvall
2477,Robert Earl Jones
2478,Robert Eddison
2479,Robert Ellenstein
2480,Robert Graf
2481,Robert Guillaume
2482,Robert Harper
2483,Robert Hossein
2484,Robert Loggia
2485,Robert Maaser
2486,Robert Manuel
2487,Robert O'Neil
2488,Robert Patrick
2489,Robert Redford
2490,Robert Sean Leonard
2491,Robert Shaw
2492,Robert Stack
2493,Robert Taylor
2494,Robert Wahlberg
2495,Robert Webber
2496,Robert Winley
2497,Roberta Lena
2498,Roberta Rodrigues
2499,Roberto Benigni
2500,Roberto Camardiel
2501,Robin Atkin Downes
2502,Robin Bartlett
2503,Robin Hughes
2504,Robin Williams
2505,Rocco Luna
2506,Rod Steiger
2507,Roddy Skeaping
2508,Roderick Cook
2509,Rodger Boyce
2510,Rodolphe Pauly
2511,Rodrigo Murray
2512,Roe-ha Kim
2513,Roger Allam
2514,Roger Casamajor
2515,Roger Rees
2516,Rolan Bykov
2517,Rolf Kanies
2518,Roman Guerriero
2519,Roman Polanski
2520,Ron Dean
2521,Ron Rifkin
2522,Ron Taylor
2523,Ronald Lacey
2524,Rosa María Bianchi
2525,Rosamund Pike
2526,Rosanna Arquette
2527,Roscoe Karns
2528,Rosemary Murphy
2529,Roshan Basheer
2530,Rosie Huntington-Whiteley
2531,Rosie Motene
2532,Ross Bagdasarian
2533,Rowan Atkinson
2534,Roy Cheung
2535,Roy Dotrice
2536,Roy Jenson
2537,Roy Stephens
2538,Rudolf Blümner
2539,Rudolf Klein-Rogge
2540,Rudy Bond
2541,Rudy Romano
2542,Rufus
2543,Rumi Hiiragi
2544,Rupert Graves
2545,Rupert Grint
2546,Russ Fega
2547,Russell Crowe
2548,Rusty Goffe
2549,Ruta Lee
2550,Rutanya Alda
2551,Rutger Hauer
2552,Ruth Donnelly
2553,Ruth Warrick
2554,Ruth White
2555,Ryan O'Neal
2556,Ryan Whitney
2557,Ryan Zheng
2558,Rywka Wajsbrot
2559,Ryô Narita
2560,Ryûnosuke Kamiki
2561,Ryûtarô Gomi
2562,Rémy Girard
2563,S. Epatha Merkerson
2564,S.Z. Sakall
2565,Saban Rojan
2566,Sachet Engineer
2567,Sadwyn Brophy
2568,Sakshi Tanwar
2569,Sala Baker
2570,Salimata Kamate
2571,Sally Field
2572,Sally Kinghorn
2573,Sally Wingert
2574,Salvatore Cascio
2575,Sam Anderson
2576,Sam Berry
2577,Sam Bottoms
2578,Sam Comery
2579,Sam Jaffe
2580,Sam Kennard
2581,Sam Neill
2582,Sam Robards
2583,Sam Rockwell
2584,Sam Sheridan
2585,Samantha Mahurin
2586,Sammi Rotibi
2587,Samuel L. Jackson
2588,Samuel Lord Black
2589,Samuel S. Hinds
2590,Sandra Taylor
2591,Sandro Scarchilli
2592,Sandy McMaster
2593,Sandy Nelson
2594,Sangili Murugan
2595,Sanjay
2596,Sanjay Bhatia
2597,Sanjay Dadich
2598,Sankalp Acharekar
2599,Sanya Malhotra
2600,Saoirse Ronan
2601,Sara Berner
2602,Sarah Freeman
2603,Sarah Roemer
2604,Saravanan
2605,Sareh Bayat
2606,Sarina Farhadi
2607,Sarp Akkaya
2608,Sasha Hutchings
2609,Satyakam Anand
2610,Saul Rubinek
2611,Saumin Patel
2612,Savita
2613,Sayaka Ôhara
2614,Saïd Taghmaoui
2615,Scarlett Johansson
2616,Scatman Crothers
2617,Scoot McNairy
2618,Scott Bakula
2619,Scott Beach
2620,Scott Eastwood
2621,Scott Glenn
2622,Seamus Moran
2623,Sean Astin
2624,Sean Bean
2625,Sean Bridgers
2626,Sean Connery
2627,Sean Lawlor
2628,Sean McGinley
2629,Sean Sullivan
2630,Sean Young
2631,Sebastian Bull Sarning
2632,Sebastian Koch
2633,Sebastian Maniscalco
2634,Sebastian Shaw
2635,Sebastián Blanco
2636,Sedrije Halim
2637,Seema Deo
2638,Seguna
2639,Seiji Miyaguchi
2640,Seizaburô Kawazu
2641,Sela Ward
2642,Selah Atwood
2643,Selene Luna
2644,Sener Sen
2645,Seo-hie Ko
2646,Serge Merlin
2647,Serge Moati
2648,Sergi López
2649,Sergio Bini Bustric
2650,Sergio Pablos
2651,Serif Sezer
2652,Sermin Hürmeriç
2653,Sessue Hayakawa
2654,Setsuko Hara
2655,Settar Tanriögen
2656,Seu Jorge
2657,Seung-mok Yoo
2658,Seung-shin Lee
2659,Shah Rukh Khan
2660,Shahab Hosseini
2661,Shameik Moore
2662,Shane Rimmer
2663,Sharman Joshi
2664,Sharon Anderson
2665,Sharon McFarlane
2666,Sharon Stone
2667,Shaun Patten
2668,Shea Whigham
2669,Sheila Raynor
2670,Shelagh Fraser
2671,Shelley Duvall
2672,Shigeru Chiba
2673,Shigeru Wakita
2674,Shigesato Itoi
2675,Shima Iwashita
2676,Shin'ichi Chiba
2677,Shin'ichi Himori
2678,Shirin Azimiyannezhad
2679,Shirin Yazdanbakhsh
2680,Shirley Henderson
2681,Shirley MacLaine
2682,Shirley Stoler
2683,Shirô Saitô
2684,Shirô Ôsaka
2685,Shmuel Levy
2686,Shriya Saran
2687,Si-eun Kim
2688,Si-yeon Ha
2689,Siddharth
2690,Siddique
2691,Siegfried Breuer
2692,Sif Ruud
2693,Sig Ruman
2694,Sigourney Weaver
2695,Simon Callow
2696,Simon Oakland
2697,Sinolicka Trpkova
2698,Sinéad Cusack
2699,Siobhan Fallon Hogan
2700,Sky Alexis
2701,Slim Pickens
2702,Smit Sheth
2703,Smita Inamdar
2704,So-dam Park
2705,Socorro Valdez
2706,Sofía Espinosa
2707,Soha Ali Khan
2708,Sohibanoo Zolqadr
2709,Soledad Villamil
2710,Solo
2711,Sonali Sachdev
2712,Sondra James
2713,Sophie Marceau
2714,Sophie Okonedo
2715,Spencer Aste
2716,Spencer Tracy
2717,Spencer Treat Clark
2718,Spike Leighton
2719,Spike Spencer
2720,Stacy Keach
2721,Stanley Blystone
2722,Stanley Ridges
2723,Stanley Tucci
2724,Steen Ordell Guldbrand Jensen
2725,Stellan Skarsgård
2726,Stepan Krylov
2727,Stephen Baldwin
2728,Stephen Billington
2729,Stephen Boyd
2730,Stephen Fry
2731,Stephen Mangan
2732,Stephen Merchant
2733,Stephen Rea
2734,Stephen Root
2735,Stephen Tobolowsky
2736,Sterling Hayden
2737,Steve Buscemi
2738,Steve Eastin
2739,Steve Edelman
2740,Steve McQueen
2741,Steve Rankin
2742,Steve Reevis
2743,Steve Susskind
2744,Steve Sweeney
2745,Steven Bauer
2746,Steven Berkoff
2747,Steven Mackintosh
2748,Stevo Polyi
2749,Stockton Taylor
2750,Strother Martin
2751,Stuart McQuarrie
2752,Stuart Rudin
2753,Stuart Wolfenden
2754,Suada Karisik
2755,Suanne Spoke
2756,Sue Casey
2757,Sue Jones-Davies
2758,Suhani Bhatnagar
2759,Sumi Shimamoto
2760,Sumita Sanyal
2761,Sun-kyun Lee
2762,Susan Vidler
2763,Susse Wold
2764,Susumu Fujita
2765,Suzane George
2766,Suzanne Shepherd
2767,Suzy Amis
2768,Sven-Ole Thorsen
2769,Sydney 'Big Dawg' Colston
2770,Sydney Brower
2771,Sydney Greenstreet
2772,Sydney James Harcourt
2773,Sydney Lassick
2774,Sylvester Groth
2775,Sylvester Stallone
2776,Szu-Ying Chien
2777,Sô Yamamura
2778,Søren Rønholt
2779,T.J. Miller
2780,T.K. Carter
2781,Tabu
2782,Tae-ho Ryu
2783,Tae-kyung Oh
2784,Tai-Li Lee
2785,Takako Sasuga
2786,Takashi Naitô
2787,Takashi Onozuka
2788,Takashi Shimura
2789,Takashi Watanabe
2790,Takehiko Ono
2791,Takehito Koyasu
2792,Takeshi Katô
2793,Takuya Kimura
2794,Talia Shire
2795,Tami Mauriello
2796,Tanay Chheda
2797,Tanie Kitabayashi
2798,Tano Cimarosa
2799,Tanya Clarke
2800,Tara Frederick
2801,Tara Reid
2802,Tara Strong
2803,Tarako
2804,Taran Killam
2805,Tarun Shukla
2806,Tatsuo Matsumura
2807,Tatsuya Gashûin
2808,Tatsuya Mihashi
2809,Tatsuya Nakadai
2810,Ted Danson
2811,Ted Levine
2812,Ted Raymond
2813,Teddy Blum
2814,Teddy Newton
2815,Temo Khutsishvili
2816,Terence Bayler
2817,Terence Longdon
2818,Teresa Ganzel
2819,Teresa Palmer
2820,Terrence Howard
2821,Terry Gilliam
2822,Terry Jones
2823,Teruhisa Harita
2824,Teruko Nagaoka
2825,Tess Harper
2826,Tetsurô Tanba
2827,Tex Rubinowitz
2828,Thayer David
2829,Thelma Ritter
2830,Theo Lingen
2831,Theodor Loos
2832,Theresa Saldana
2833,Thomas Bo Larsen
2834,Thomas F. Wilson
2835,Thomas G. Waites
2836,Thomas Jay Ryan
2837,Thomas Kretschmann
2838,Thomas Lennon
2839,Thomas Mitchell
2840,Thomas Solivérès
2841,Thomas Thieme
2842,Thora Birch
2843,Tiffany Grant
2844,Tigmanshu Dhulia
2845,Til Schweiger
2846,Tilda Swinton
2847,Tim Allen
2848,Tim Colceri
2849,Tim DeZarn
2850,Tim Holt
2851,Tim McGarry
2852,Tim Pigott-Smith
2853,Tim Robbins
2854,Tim Roth
2855,Timothy Carey
2856,Timothée Chalamet
2857,Tina Fey
2858,Tiny Sandford
2859,Tip Tipping
2860,Tisca Chopra
2861,Todd Karns
2862,Tom Berenger
2863,Tom Dugan
2864,Tom Farrell
2865,Tom Hanks
2866,Tom Hardy
2867,Tom Helmore
2868,Tom Hiddleston
2869,Tom Holland
2870,Tom Hulce
2871,Tom Murray
2872,Tom Nawn
2873,Tom Noonan
2874,Tom Powers
2875,Tom Rosqui
2876,Tom Sizemore
2877,Tom Skerritt
2878,Tom Wilkinson
2879,Tomas Arana
2880,Tommy Flanagan
2881,Tommy Lee Jones
2882,Tomohiro Nishimura
2883,Tomás Blanco
2884,Toni Collette
2885,Tony Bentley
2886,Tony Burton
2887,Tony Chiu-Wai Leung
2888,Tony Cosmo
2889,Tony Curtis
2890,Tony Darrow
2891,Tony Denman
2892,Tony Galento
2893,Tony Kgoroge
2894,Tora Hallström
2895,Torben Meyer
2896,Torin Thatcher
2897,Torsten Voges
2898,Toshirô Mifune
2899,Toshiya Ito
2900,Toshiyuki Amagasa
2901,Toyo Takahashi
2902,Tracy Letts
2903,Tracy Reed
2904,Treat Williams
2905,Trevor Howard
2906,Trevor Morgan
2907,Troels Thorsen
2908,Troy Doherty
2909,Tsunehiko Kamijô
2910,Tsutomu Tatsumi
2911,Tsutomu Yamazaki
2912,Tuba Büyüküstün
2913,Tuesday Weld
2914,Tung Cho 'Joe' Cheung
2915,Tyler Coppin
2916,Tyler Perry
2917,Tyrone Power
2918,Tôru Abe
2919,Tôru Takeuchi
2920,Ugur Yücel
2921,Ulrich Matthes
2922,Ulrich Mühe
2923,Ulrich Noethen
2924,Ulrich Tukur
2925,Uma Thurman
2926,Una O'Connor
2927,Urbain Cancelier
2928,Uwe Ochsenknecht
2929,V. Vasilyev
2930,V.M. Badola
2931,Val Kilmer
2932,Valeria Golino
2933,Vamekh Jangidze
2934,Vanessa Bauche
2935,Vanessa Martinez
2936,Vasiliy Domrachyov
2937,Vaughn Taylor
2938,Vera Farmiga
2939,Vera Miles
2940,Vernon Dobtcheff
2941,Veronica Cartwright
2942,Vic Tablian
2943,Vicki Lewis
2944,Victor Argo
2945,Victor Gegeshidze
2946,Victor Jory
2947,Victor Sjöström
2948,Victor Steinbach
2949,Viggo Mortensen
2950,Vik Sahay
2951,Viktors Lorencs
2952,Vin Diesel
2953,Vince Vaughn
2954,Vincent Cassel
2955,Vincent D'Onofrio
2956,Vineet Kumar Singh
2957,Ving Rhames
2958,Vinnie Jones
2959,Vinny Vella
2960,Vinodhini Vaidynathan
2961,Viola Davis
2962,Vipin Sharma
2963,Virginia Cherrill
2964,Virginia Christine
2965,Virginia Patton
2966,Vishnu Vishal
2967,Vishnudutt Gaur
2968,Vittorio Antonucci
2969,Viva
2970,Vivan Bhatena
2971,Vivica A. Fox
2972,Vivien Cardone
2973,Vivien Leigh
2974,Vladas Bagdonas
2975,Volker Michalowski
2976,Volkmar Kleinert
2977,Von Lewis
2978,Véra Clouzot
2979,Waheeda Rehman
2980,Wallace Shawn
2981,Walter Connolly
2982,Walter Hampden
2983,Walter Huston
2984,Walton Goggins
2985,Wanja Mues
2986,Ward Bond
2987,Ward Crane
2988,Warren Clarke
2989,Warren Finnerty
2990,Warren Keith
2991,Warwick Davis
2992,Wayne Duvall
2993,Wayne Knight
2994,Wayne Morris
2995,Wendell Corey
2996,Wendie Jo Sperber
2997,Wendy Crewson
2998,Wendy Hiller
2999,Werner Daehn
3000,Werner Klemperer
3001,Wes Bentley
3002,Wes Studi
3003,Wesley Addy
3004,Whoopi Goldberg
3005,Wil Wheaton
3006,Wilford Brimley
3007,Wilfred Lucas
3008,Wilfrid Hyde-White
3009,Will Sasso
3010,Willard Waterman
3011,Willem Dafoe
3012,Willi One Blood
3013,William Alland
3014,William Atherton
3015,William Beck
3016,William Bronder
3017,William Davidson
3018,William Devane
3019,William Duell
3020,William Fichtner
3021,William Forsythe
3022,William H. Macy
3023,William Hill
3024,William Holden
3025,William Hootkins
3026,William Hope
3027,William Hurt
3028,William Russ
3029,William Sadler
3030,William Sanderson
3031,William Shatner
3032,William Sylvester
3033,William Tubbs
3034,William Windom
3035,Wolf Kahler
3036,Woo Go-na
3037,Woo-sik Choi
3038,Woody Harrelson
3039,Woody Strode
3040,Xander Berkeley
3041,Xia Soua Chang
3042,Xolani Mali
3043,Yaphet Kotto
3044,Yasuko Sawaguchi
3045,Yeo-jeong Cho
3046,Yesim Salkim
3047,Yetkin Dikinciler
3048,Yildiray Sahinler
3049,Yngve Nordwall
3050,Yogesh Sonam
3051,Yolande Moreau
3052,Yong-nyeo Lee
3053,Yoo Ji-Tae
3054,Yoo Yeon-Seok
3055,Yordanos Shiferaw
3056,Yoshiko Miyazaki
3057,Yoshiko Shinohara
3058,Yoshio Inaba
3059,Yoshio Kosugi
3060,Yoshio Matsuoka
3061,Yoshio Tsuchiya
3062,Yoshirô Aoki
3063,Young-ae Kim
3064,Young-hee Lee
3065,Young-hwa Seo
3066,Yuka Terasaki
3067,Yuki Kazamatsuri
3068,Yukiko Shimazaki
3069,Yumi Tamai
3070,Yurdaer Okur
3071,Yuriko Yamaguchi
3072,Yuriy Nazarov
3073,Yuriy Nikulin
3074,Yves Montand
3075,Yô Ôizumi
3076,Yôhei Namekawa
3077,Yôji Matsuda
3078,Yôko Tsukasa
3079,Yôsuke Natsuki
3080,Yûko Maruyama
3081,Yûko Miyamura
3082,Yûnosuke Itô
3083,Zabit Memedov
3084,Zach Galifianakis
3085,Zach Grenier
3086,Zach Hopkins
3087,Zain Al Rafeea
3088,Zaira Wasim
3089,Zakir Hussain
3090,Zarrin Darnell-Martin
3091,Zazie Beetz
3092,Zeishan Quadri
3093,Zeljko Ivanek
3094,Zia Mohyeddin
3095,Zoe Leader
3096,Zoe Saldana
3097,Zoë Kravitz
3098,Zoë Soul
3099,Zura Begalishvili
3100,Álex Angulo
3101,Álvaro Guerrero
3102,Ángel Salazar
3103,Åke Fridell
3104,Çetin Tekindor
3105,Özge Özberk
3106,Özkan Ugur
3107,Ülkü Duru
3108,Ümit Çirak
